[
            {
                "date": "TODAY
4 DEC",
                "description": "Cloudy",
                "temperature": "28°21°",
                "precip": "10%",
                "wind": "ESE 14 km/h",
                "humidity": "58%"
            },
        
            {
                "date": "THU
5 DEC",
                "description": "Mostly Cloudy",
                "temperature": "29°19°",
                "precip": "10%",
                "wind": "ESE 19 km/h",
                "humidity": "61%"
            },
        
            {
                "date": "FRI
6 DEC",
                "description": "Partly Cloudy",
                "temperature": "30°17°",
                "precip": "0%",
                "wind": "E 19 km/h",
                "humidity": "49%"
            },
        
            {
                "date": "SAT
7 DEC",
                "description": "Sunny",
                "temperature": "29°17°",
                "precip": "0%",
                "wind": "ESE 16 km/h",
                "humidity": "51%"
            },
        
            {
                "date": "SUN
8 DEC",
                "description": "Sunny",
                "temperature": "30°18°",
                "precip": "0%",
                "wind": "ESE 14 km/h",
                "humidity": "53%"
            },
        
            {
                "date": "MON
9 DEC",
                "description": "Mostly Sunny",
                "temperature": "30°19°",
                "precip": "10%",
                "wind": "ESE 12 km/h",
                "humidity": "58%"
            },
        
            {
                "date": "TUE
10 DEC",
                "description": "Mostly Sunny",
                "temperature": "31°19°",
                "precip": "10%",
                "wind": "ESE 9 km/h",
                "humidity": "58%"
            },
        
            {
                "date": "WED
11 DEC",
                "description": "Mostly Sunny",
                "temperature": "31°19°",
                "precip": "10%",
                "wind": "SSE 7 km/h",
                "humidity": "56%"
            },
        
            {
                "date": "THU
12 DEC",
                "description": "Mostly Sunny",
                "temperature": "30°19°",
                "precip": "10%",
                "wind": "S 8 km/h",
                "humidity": "57%"
            },
        
            {
                "date": "FRI
13 DEC",
                "description": "Mostly Sunny",
                "temperature": "30°19°",
                "precip": "0%",
                "wind": "SE 11 km/h",
                "humidity": "55%"
            },
        
            {
                "date": "SAT
14 DEC",
                "description": "Mostly Sunny",
                "temperature": "30°20°",
                "precip": "0%",
                "wind": "SE 14 km/h",
                "humidity": "54%"
            },
        
            {
                "date": "SUN
15 DEC",
                "description": "Partly Cloudy",
                "temperature": "29°19°",
                "precip": "0%",
                "wind": "SE 15 km/h",
                "humidity": "56%"
            },
        
            {
                "date": "MON
16 DEC",
                "description": "Partly Cloudy",
                "temperature": "29°19°",
                "precip": "10%",
                "wind": "ESE 14 km/h",
                "humidity": "57%"
            },
        
            {
                "date": "TUE
17 DEC",
                "description": "Partly Cloudy",
                "temperature": "29°18°",
                "precip": "0%",
                "wind": "ESE 14 km/h",
                "humidity": "55%"
            },
        
            {
                "date": "WED
18 DEC",
                "description": "Partly Cloudy",
                "temperature": "30°18°",
                "precip": "10%",
                "wind": "ESE 13 km/h",
                "humidity": "53%"
            },
        ]